4_letter_words,5_letter_words,6_letter_words,long_words,foods,animals,countries,randomized
aloe,alien,abject,absolute,avocado,aardvark,albania,abacus
atom,bagel,absent,accurate,bagel,albatross,algeria,airport
ball,badge,accent,adventure,bacon,antelope,andorra,alarm
band,bakes,adjust,airport,baguette,ape,angola,almond
barn,ballet,almond,awesome,basil,armadillo,antigua,animal
bead,banks,admire,baseline,bean,badger,argentina,apple
bear,basin,admit,belief,beef,bat,armenia,aspect
beet,blade,alien,biological,beet,bear,australia,basket
bell,block,arrest,calendar,biscotti,bee,austria,beacon
bike,bluff,author,capital,broccoli,bison,azerbaijan,beauty
bird,board,banner,character,broth,boar,bahamas,belief
bite,break,brittle,citizen,cabbage,buffalo,bahrain,blanket
book,breed,bucket,classroom,cake,bull,bangladesh,bottle
boot,brick,canvas,closure,candy,butterfly,barbados,breezy
bulb,broom,capture,coherent,carrot,camel,belarus,bridge
bull,brush,cruel,collision,cashew,capybara,belgium,brother
cake,candy,danger,complete,cauliflower,cat,belize,cabin
card,caramel,defect,conference,celery,cattle,benin,candy
carl,carry,diner,contain,cheese,cheetah,bhutan,castle
cart,cedar,effort,conveyor,cherry,chimpanzee,bolivia,cereal
cat,chant,engine,create,chili,chinchilla,bosnia,chair
coal,chef,escape,database,chocolate,cobra,botswana,choice
coat,chief,extend,designer,cinnamon,cockatoo,brazil,cloud
cone,chirp,fabric,dynamic,clam,cod,brunei,college
cool,cloud,fancy,education,coconut,cougar,bulgaria,compass
cord,coach,garden,equality,cookie,cow,burkina,cookie
corn,coral,glaze,essential,corn,coyote,burundi,craft
cow,couch,graph,exclusive,cream,crane,cabo verde,crate
cube,crane,habit,explosive,cucumber,crocodile,cambodia,crowd
curb,crate,hero,feature,dumpling,crow,cameroon,cure
curl,dance,impact,flexibility,egg,deer,canada,dance
dash,death,index,frequent,enchilada,dingo,chad,danger
desk,donor,island,global,endive,dog,chile,dealer
dial,drama,jacket,gravity,fish,dolphin,china,desert
dish,droid,jigsaw,hospital,flatbread,donkey,colombia,device
dock,earth,justice,immediate,flour,dove,comoros,diary
doll,eager,kitten,incident,foie gras,dragonfly,congo,dollar
dome,elate,laptop,increase,garlic,duck,costa rica,drama
door,enigma,letter,invisible,ginger,eagle,croatia,dream
dust,entry,lounge,isolated,grape,echidna,cuba,drum
egg,ethos,magic,journey,guacamole,eel,cyprus,eagle
elk,excite,manner,kingdom,ham,elephant,denmark,earth
envy,extra,medal,librarian,honey,elk,djibouti,edit
fall,fever,member,material,horseradish,emu,dominica,effort
farm,flavor,model,miracle,hotdog,falcon,ecuador,elbow
fast,frame,office,network,ice cream,ferret,egypt,engine
feel,fruit,online,objective,jalapeno,fish,el salvador,entry
file,gaily,panic,optimistic,jam,flamingo,eritrea,essay
film,gather,pirate,passionate,juice,fox,estonia,fever
fire,ghost,planet,permanent,kale,frog,eswatini,field
fish,globe,public,political,ketchup,gazelle,ethiopia,fish
flag,goat,puzzle,positive,kimchi,gecko,fiji,flower
flat,grass,quality,probable,lamb,giraffe,finland,food
floor,greet,record,quality,lasagna,goat,france,forest
fool,grind,refund,reaction,lemon,goose,gabon,frame
fork,groan,respect,recovery,lettuce,gorilla,gambia,friend
frog,guard,season,research,lime,grasshopper,georgia,fruit
fuel,guest,shell,respect,lobster,hamster,germany,garage
game,hammer,simple,satisfied,macaroni,hare,ghana,garden
gate,happy,solid,sequence,mango,hawk,greece,globe
gift,hustle,storm,significant,maple,hedgehog,grenada,glove
gold,ideal,teacher,social,mushroom,heron,guatemala,gold
golf,itchy,threat,solution,mustard,hippopotamus,guinea,grape
grab,joker,travel,specimen,naan,horse,guyana,green
gray,juice,unique,strategy,nacho,hyena,haiti,group
grid,jewel,value,student,noodle,iguana,honduras,guitar
grow,kneel,vocal,substance,oatmeal,impala,hungary,happy
gulf,ladder,wagon,succeed,olive,jackal,iceland,health
hair,lamp,wallet,surprise,onion,jaguar,india,hotel
hall,leaf,wonder,symbol,orange,jellyfish,indonesia,house
hand,lemon,writer,synthesis,pancake,kangaroo,iran,image
hard,listen,yellow,tension,pasta,kiwi,iraq,impact
hat,meal,global,theatre,pastry,koala,ireland,index
heap,mix,horizon,tradition,peach,komodo dragon,israel,invite
hill,motor,income,training,pear,kudu,italy,island
hole,laugh,manual,transfer,pea,llama,jamaica,jacket
home,melody,nature,trigger,pepper,lobster,japan,jelly
hook,muck,origin,universe,pickle,lynx,jordan,jewel
horn,month,period,validity,pizza,macaw,kazakhstan,juice
hose,noise,remote,variety,pork,magpie,kenya,kitchen
hour,ocean,safety,visitor,potato,manatee,kiribati,ladder
idea,olive,social,warning,pretzel,meerkat,korea,lamp
iron,outer,source,weather,pumpkin,mink,kosovo,laser
item,peach,travel,website,quinoa,mole,kuwait,lemon
jack,pearl,vision,wonderful,radish,monkey,kyrgyzstan,letter
jeep,plant,winner,accepted,ramen,moose,laos,library
jelly,point,wireless,economic,rice,mouse,latvia,light
jolt,post,reduce,effective,salad,narwhal,lebanon,logo
junk,press,region,emotion,salsa,newt,lesotho,magazine
kite,purse,signal,enhanced,salmon,nightingale,liberia,man
knob,quote,system,essential,sausage,octopus,libya,market
lamp,rain,urban,excessive,scallop,okapi,liechtenstein,master
land,rage,vanish,expanded,soup,opossum,lithuania,metal
leaf,reach,volume,fabulous,soy,ostrich,luxembourg,milk
left,ready,world,festive,spinach,otter,madagascar,model
line,reign,agency,fortunate,squash,owl,malawi,money
lion,river,alcohol,foundation,steak,panda,malaysia,month
lock,room,border,generous,strawberry,panther,maldives,moon
log,royal,career,glamorous,sugar,parrot,mali,music
look,sheep,season,historical,sushi,penguin,malta,nature
loom,acute,abolish,abundant,taco,pig,mauritania,ocean
lost,adult,adjust,achieve,tamale,pigeon,mauritius,office
love,alarm,airport,activate,tea,platypus,mexico,orange
map,apple,allure,adaptor,tofu,polar bear,micronesia,paper
mark,aboard,annals,addition,tomato,porcupine,moldova,party
mask,argon,arcane,adequate,trout,quail,monaco,peach
mass,awake,assault,aeration,vanilla,rabbit,mongolia,pencil
meal,badge,assume,analysis,vegetable,raccoon,morocco,people
meat,bench,beacon,arranged,venison,ram,mozambique,phone
mine,bleak,beggar,assistants,waffle,rat,myanmar,picture
mop,board,bumpkin,automatic,walnut,raven,namibia,plant
mood,breach,cancel,background,whiskey,red panda,nauru,plate
move,brown,carpet,ballooned,yogurt,rhinoceros,nepal,pool
nail,bluff,chisel,behavior,zucchini,robin,netherlands,power
name,bunch,climax,beloved,apple,seal,nicaragua,price
neck,candy,clover,besides,artichoke,shark,niger,queen
note,cause,conjure,brilliant,bread,sheep,nigeria,quick
oak,chef,crease,calendar,coriander,skunk,norway,rain
oboe,comic,cradle,catalyst,dill,sloth,oman,ranger
omen,coral,cruise,celebrated,eggplant,snail,pakistan,record
only,crane,dangle,chemistry,fennel,snake,palau,river
open,cross,delight,citizenry,flapjack,sparrow,panama,robot
park,crown,desert,clarity,fry,spider,paraguay,rocket
part,dance,doctor,collection,honeydew,squid,peru,room
pass,dream,effigy,computer,italian,squirrel,philippines,rose
path,drain,elbow,crucially,jerk,starfish,poland,safe
peak,eagle,energy,definition,marzipan,stork,portugal,salad
pear,earth,export,delightful,pesto,swan,qatar,school
peep,elate,fright,decision,pine nut,tapir,romania,screen
pill,empty,gather,directive,risotto,tarantula,russia,shape
pin,error,gospel,disruption,roux,tiger,rwanda,shirt
pile,event,helmet,duration,scone,toad,samoa,shoe
pipe,fancy,hushed,emotional,shortbread,toucan,san marino,side
plank,fairy,impact,excitement,soy sauce,turkey,saudi arabia,skill
play,field,insect,feedback,tarragon,turtle,senegal,smile
plot,flyer,island,flashlight,tiramisu,vulture,serbia,snow
plug,fossil,jackal,frequency,turkey,walrus,seychelles,soap
pole,funny,jaguar,government,wonton,warthog,sierra leone,solid
port,ghost,jigsaw,graceful,aioli,weasel,singapore,sound
push,glove,jolt,generous,almond,whale,slovakia,space
quiz,guard,journey,guideline,anchovy,wildcat,slovenia,sport
race,happy,kitten,hierarchy,blueberry,wolf,solomon islands,spring
rack,heart,lantern,historical,breadstick,wombat,somalia,stand
rail,honey,lucky,humorous,cantaloupe,woodpecker,south africa,star
rain,hotel,mallet,impacted,carrot cake,worm,spain,steak
rake,house,modern,inclusion,cashew nut,yak,sri lanka,store
rare,ivory,nuggets,increase,charcuterie,zebra,sudan,street
rate,joint,outlet,infinite,cheesecake,zebu,suriname,style
reed,judge,panic,intelligent,chicken,zookeeper,sweden,sugar
reef,laugh,parrot,instinct,coffee,sea lion,switzerland,table
rest,layer,pastry,invention,croissant,ant,syria,tape
ring,lemon,preach,learning,cumber,beetle,taiwan,team
rock,lodge,purple,material,escargot,cockroach,tajikistan,term
role,maple,rocket,necklace,goulash,dragon,tanzania,ticket
roof,medal,sculpt,negative,green bean,eagle,thailand,time
room,merry,shadow,organic,lemon zest,geese,timor-leste,title
rose,metal,shiver,paramount,linguine,hornet,togo,town
rule,night,sleek,practical,macaron,kite,tonga,track
sack,occur,solar,primary,mango salsa,manta ray,tunisia,train
sail,olive,spade,privilege,meatball,orca,turkey,tree
salt,paint,spread,provider,muesli,penguin,turkmenistan,truck
sand,piano,stage,realistic,panna cotta,plover,tuvalu,trust
save,place,steady,recovery,parsnip,quokka,uganda,vacation
seat,plane,stereo,refined,pizza dough,rabbit,ukraine,value
shop,prime,swipe,relative,rosemary,razorback,uruguay,video
shot,range,tense,sensation,saffron,seahorse,uzbekistan,visit
show,relish,theory,severely,salmon roe,sloth,vanuatu,voice
shut,roof,tiger,stressful,sesame,starling,venezuela,wall
side,rose,title,surface,spongecake,sunfish,vietnam,watch
sign,scout,twig,strategy,stewed apple,tapir,yemen,water
sink,short,upset,together,sweetcorn,tern,zambia,week
site,shout,urban,thoughtful,tofu scramble,wallaby,zimbabwe,wheel
size,sleep,vessel,transport,vegetable broth,walrus,benin,window
snow,smile,violet,treatment,yogurt parfait,whale,brunei,wire
soap,snow,vulgar,underlined,zucchini bread,wren,burundi,wish
sock,sound,waffle,upgrade,baguette,yak,cabo verde,woman
song,sugar,wander,vacantly,clove,zander,cambodia,world
star,suit,wager,vacation,eggnog,zebra,cameroon,yellow
stem,table,waxed,valuable,kebab,antelope,chad,zone
stop,teach,weight,variation,marshmallow,badger,comoros,zero
swim,teeth,whiz,verbalize,meatloaf,catfish,congo,adjust
table,tiger,zebra,visibility,nectar,chimpanzee,cuba,alarm
tape,track,zodiac,voluntary,nougat,crayfish,cyprus,blush
team,train,freak,wonderful,paella,dugong,djibouti,cloud
test,truck,glider,withstand,pesto,elephant seal,dominica,crate
text,upper,glamour,traveler,ricotta,falcon,el salvador,dance
thin,visit,genius,organized,risotto,flamingo,eritrea,earth
time,vocal,latte,ultimate,roulade,giraffe,eswatini,edge
tool,water,painter,various,sauce,guppy,ethiopia,flavor
tree,watch,refund,voluntary,scallion,horsefly,fiji,globe
trip,wheat,scarab,vertigo,sorbet,jellyfish,gabon,guard
tune,whole,texture,variation,sorghum,kangaroo rat,gambia,image
unit,wife,ticket,traction,tiramisu,lemur,georgia,kite
veil,woken,worthy,without,tortilla,lionfish,ghana,light
vine,wound,thermal,correctly,truffle,macaw,grenada,month
wall,yield,accept,upgraded,vinaigrette,narwhal,guatemala,night
wave,young,artful,vertical,waffle,ocelot,guinea,ocean
weak,yield,before,exhibited,zest,pelican,guyana,plant
wear,zesty,border,modified,yogurt,porpoise,haiti,quiet
wind,zebra,cleverly,amazing,ziti,shrimp,honduras,smile